"Group_Name"	"OM"	"OC"	"spc.3921.568654"	"spc.3935.185205"	"spc.3948.801765"	"spc.3962.418316"	"spc.3976.034876"	"spc.3989.651427"	"spc.4003.267987"	"spc.4016.884537"	"spc.4030.501097"	"spc.4044.117648"	"spc.4057.734208"	"spc.4071.350759"	"spc.4084.967319"	"spc.4098.58387"	"spc.4112.20043"	"spc.4125.81698"	"spc.4139.43354"	"spc.4153.050091"	"spc.4166.666651"	"spc.4180.283202"	"spc.4193.899762"	"spc.4207.516313"	"spc.4221.132873"	"spc.4234.749423"	"spc.4248.365983"	"spc.4261.982534"	"spc.4275.599094"	"spc.4289.215645"	"spc.4302.832205"	"spc.4316.448756"	"spc.4330.065316"	"spc.4343.681866"	"spc.4357.298426"	"spc.4370.914977"	"spc.4384.531537"	"spc.4398.148088"	"spc.4411.764648"	"spc.4425.381199"	"spc.4438.997759"	"spc.4452.614309"	"spc.4466.230869"	"spc.4479.84742"	"spc.4493.46398"	"spc.4507.080531"	"spc.4520.697091"	"spc.4534.313641"	"spc.4547.930202"	"spc.4561.546752"	"spc.4575.163312"	"spc.4588.779863"	"spc.4602.396423"	"spc.4616.012974"	"spc.4629.629534"	"spc.4643.246084"	"spc.4656.862644"	"spc.4670.479195"	"spc.4684.095755"	"spc.4697.712306"	"spc.4711.328866"	"spc.4724.945417"	"spc.4738.561977"	"spc.4752.178527"	"spc.4765.795087"	"spc.4779.411638"	"spc.4793.028198"	"spc.4806.644749"	"spc.4820.261309"	"spc.4833.87786"	"spc.4847.49442"	"spc.4861.11097"	"spc.4874.72753"	"spc.4888.344081"	"spc.4901.960641"	"spc.4915.577192"	"spc.4929.193752"	"spc.4942.810303"	"spc.4956.426863"	"spc.4970.043413"	"spc.4983.659973"	"spc.4997.276524"	"spc.5010.893084"	"spc.5024.509635"	"spc.5038.126195"	"spc.5051.742746"	"spc.5065.359306"	"spc.5078.975856"	"spc.5092.592416"	"spc.5106.208967"	"spc.5119.825527"	"spc.5133.442078"	"spc.5147.058638"	"spc.5160.675189"	"spc.5174.291749"	"spc.5187.908299"	"spc.5201.524859"	"spc.5215.14141"	"spc.5228.75797"	"spc.5242.374521"	"spc.5255.991081"	"spc.5269.607631"	"spc.5283.224192"	"spc.5296.840742"	"spc.5310.457302"	"spc.5324.073853"	"spc.5337.690413"	"spc.5351.306964"	"spc.5364.923524"	"spc.5378.540074"	"spc.5392.156634"	"spc.5405.773185"	"spc.5419.389745"	"spc.5433.006296"	"spc.5446.622856"	"spc.5460.239407"	"spc.5473.855967"	"spc.5487.472517"	"spc.5501.089077"	"spc.5514.705628"	"spc.5528.322188"	"spc.5541.938739"	"spc.5555.555299"	"spc.5569.17185"	"spc.5582.78841"	"spc.5596.40496"	"spc.5610.02152"	"spc.5623.638071"	"spc.5637.254631"	"spc.5650.871182"	"spc.5664.487742"	"spc.5678.104293"	"spc.5691.720853"	"spc.5705.337403"	"spc.5718.953963"	"spc.5732.570514"	"spc.5746.187074"	"spc.5759.803625"	"spc.5773.420185"	"spc.5787.036736"	"spc.5800.653296"	"spc.5814.269846"	"spc.5827.886406"	"spc.5841.502957"	"spc.5855.119517"	"spc.5868.736068"	"spc.5882.352628"	"spc.5895.969179"	"spc.5909.585739"	"spc.5923.202289"	"spc.5936.818849"	"spc.5950.4354"	"spc.5964.05196"	"spc.5977.668511"	"spc.5991.285071"	"spc.6004.901621"	"spc.6018.518182"	"spc.6032.134732"	"spc.6045.751292"	"spc.6059.367843"	"spc.6072.984403"	"spc.6086.600954"	"spc.6100.217514"	"spc.6113.834064"	"spc.6127.450624"	"spc.6141.067175"	"spc.6154.683735"	"spc.6168.300286"	"spc.6181.916846"	"spc.6195.533397"	"spc.6209.149957"	"spc.6222.766507"	"spc.6236.383067"	"spc.6249.999618"	"spc.6263.616178"	"spc.6277.232729"	"spc.6290.849289"	"spc.6304.46584"	"spc.6318.0824"	"spc.6331.69895"	"spc.6345.31551"	"spc.6358.932061"	"spc.6372.548621"	"spc.6386.165172"	"spc.6399.781732"	"spc.6413.398283"	"spc.6427.014843"	"spc.6440.631393"	"spc.6454.247953"	"spc.6467.864504"	"spc.6481.481064"	"spc.6495.097615"	"spc.6508.714175"	"spc.6522.330726"	"spc.6535.947286"	"spc.6549.563836"	"spc.6563.180396"	"spc.6576.796947"	"spc.6590.413507"	"spc.6604.030058"	"spc.6617.646618"	"spc.6631.263169"	"spc.6644.879729"	"spc.6658.496279"	"spc.6672.112839"	"spc.6685.72939"	"spc.6699.34595"	"spc.6712.962501"	"spc.6726.579061"	"spc.6740.195611"	"spc.6753.812172"	"spc.6767.428722"	"spc.6781.045282"	"spc.6794.661833"	"spc.6808.278393"	"spc.6821.894944"	"spc.6835.511504"	"spc.6849.128054"	"spc.6862.744614"	"spc.6876.361165"	"spc.6889.977725"	"spc.6903.594276"	"spc.6917.210836"	"spc.6930.827387"	"spc.6944.443947"	"spc.6958.060497"	"spc.6971.677057"	"spc.6985.293608"	"spc.6998.910168"	"spc.7012.526719"	"spc.7026.143279"	"spc.7039.75983"	"spc.7053.37639"	"spc.7066.99294"	"spc.7080.6095"	"spc.7094.226051"	"spc.7107.842611"	"spc.7121.459162"	"spc.7135.075722"	"spc.7148.692273"	"spc.7162.308833"	"spc.7175.925383"	"spc.7189.541943"	"spc.7203.158494"	"spc.7216.775054"	"spc.7230.391605"	"spc.7244.008165"	"spc.7257.624716"	"spc.7271.241276"	"spc.7284.857826"	"spc.7298.474386"	"spc.7312.090937"	"spc.7325.707497"	"spc.7339.324048"	"spc.7352.940608"	"spc.7366.557159"	"spc.7380.173719"	"spc.7393.790269"	"spc.7407.406829"	"ref"
"240199"	10.19	 5.91	52.61598	52.87531	53.09502	53.28212	53.46528	53.68321	53.96754	54.33109	54.76343	55.26315	55.80315	56.38326	57.00613	57.67358	58.37649	59.08917	59.76984	60.37562	60.88392	61.29732	61.64162	61.95222	62.25797	62.57227	62.89538	63.22415	63.56211	63.92220	64.32051	64.76406	65.24075	65.71709	66.15701	66.54316	66.88872	67.23409	67.62493	68.08074	68.57064	69.01129	69.29151	69.31694	69.05839	68.58185	68.04095	67.64086	67.52222	67.72376	68.18250	68.77345	69.36611	69.87179	70.26572	70.57878	70.86564	71.16612	71.47926	71.76420	71.96532	72.03841	71.99931	71.89548	71.78634	71.71421	71.68540	71.67052	71.62383	71.51018	71.32500	71.09675	70.87087	70.68468	70.54619	70.42683	70.27303	70.04084	69.71265	69.30241	68.84481	68.37540	67.91244	67.45020	66.96622	66.43868	65.86297	65.25871	64.66336	64.12007	63.64679	63.24072	62.88721	62.58084	62.34619	62.24816	62.38424	62.85866	63.74594	65.05640	66.71926	68.59257	70.49466	72.23848	73.70326	74.82979	75.61779	76.11223	76.38441	76.51145	76.55894	76.57022	76.56416	76.54083	76.49175	76.41030	76.29785	76.16711	76.03389	75.90889	75.79401	75.68236	75.56273	75.42620	75.27085	75.10292	74.93372	74.77409	74.62971	74.49944	74.37748	74.25568	74.12931	73.99629	73.85571	73.70589	73.54456	73.37099	73.18868	73.00682	72.83783	72.69226	72.57253	72.46956	72.36306	72.23286	72.06865	71.87418	71.66551	71.46242	71.27837	71.11382	70.95687	70.79078	70.60414	70.39844	70.18806	69.99473	69.83014	69.69119	69.56109	69.41743	69.24356	69.03665	68.80875	68.58017	68.36895	68.18200	68.01300	67.84743	67.67097	67.47895	67.27706	67.07482	66.87844	66.68682	66.49284	66.28950	66.07655	65.86315	65.66406	65.49132	65.34567	65.21345	65.06941	64.89296	64.67802	64.43608	64.19065	63.96577	63.77443	63.61297	63.46428	63.30780	63.13034	62.93251	62.72738	62.53243	62.35606	62.19483	62.03678	61.86953	61.68810	61.49778	61.31073	61.13767	60.98080	60.83109	60.67294	60.49253	60.28763	60.07202	59.86668	59.69110	59.55537	59.45653	59.38115	59.31176	59.23391	59.14089	59.03423	58.92122	58.81173	58.71540	58.63693	58.57587	58.52402	58.46509	58.37802	58.24509	58.06195	57.84586	57.63628	57.48528	57.43914	57.52152	57.71291	57.95653	58.19341	58.38302	58.51857	58.62394	58.73402	58.86948	59.02016	59.14625	59.19836	59.14622	58.99816	58.81218	58.65766	58.58048	58.58302	58.62274	58.63495	58.56843	58.41561	58.21857	58.04701	1
"250202"	11.72	 6.80	40.71711	40.93853	41.17280	41.37912	41.53946	41.66430	41.78482	41.93443	42.12938	42.38217	42.66834	42.97351	43.28468	43.59870	43.91896	44.24717	44.57505	44.88135	45.14144	45.33752	45.46785	45.54873	45.60768	45.67285	45.76489	45.89419	46.06271	46.26691	46.50029	46.75413	47.01682	47.27314	47.50932	47.71736	47.89905	48.06624	48.23481	48.41409	48.59667	48.75488	48.84745	48.83578	48.70453	48.47746	48.21878	48.02183	47.95790	48.05454	48.29021	48.60829	48.94197	49.23827	49.47307	49.65243	49.80109	49.94454	50.09318	50.23749	50.35565	50.42502	50.44565	50.43368	50.41424	50.40864	50.42429	50.45218	50.47360	50.47143	50.43995	50.38763	50.33153	50.28698	50.25815	50.23440	50.19523	50.12429	50.01652	49.87980	49.72947	49.57922	49.43357	49.28606	49.12408	48.93780	48.72732	48.50420	48.28628	48.08993	47.91677	47.75822	47.60263	47.44731	47.30771	47.21967	47.23171	47.38973	47.71930	48.21247	48.82530	49.48868	50.12640	50.67263	51.09875	51.40097	51.59466	51.70493	51.75838	51.77708	51.77576	51.76174	51.73671	51.69960	51.64941	51.58736	51.51762	51.44697	51.38122	51.32282	51.27007	51.21765	51.15905	51.08976	51.00927	50.92137	50.83205	50.74653	50.66683	50.59131	50.51638	50.43916	50.36000	50.28133	50.20534	50.13106	50.05372	49.96655	49.86452	49.74835	49.62558	49.50832	49.40769	49.32866	49.26471	49.20072	49.12150	49.01785	48.89089	48.75083	48.61169	48.48432	48.37167	48.26846	48.16482	48.05225	47.92811	47.79727	47.66925	47.55167	47.44744	47.35414	47.26639	47.17882	47.08839	46.99450	46.89760	46.79729	46.69194	46.57991	46.46162	46.34150	46.22581	46.11940	46.02264	45.93052	45.83466	45.72779	45.60826	45.48172	45.35880	45.24954	45.15766	45.07810	44.99750	44.90316	44.78971	44.66161	44.53065	44.40958	44.30536	44.21547	44.12965	44.03600	43.92762	43.80684	43.68451	43.57436	43.48300	43.40763	43.33748	43.25959	43.16541	43.05467	42.93505	42.81744	42.71064	42.61759	42.53559	42.45954	42.38584	42.31420	42.24616	42.18117	42.11466	42.03883	41.94666	41.83709	41.71739	41.60186	41.50604	41.43999	41.40407	41.38689	41.37045	41.33979	41.28626	41.20828	41.10843	40.99009	40.85602	40.71071	40.56413	40.43390	40.34248	40.31144	40.34866	40.43875	40.55364	40.65995	40.73207	40.76145	40.75798	40.74208	40.73253	40.73599	40.74401	40.73864	40.70247	40.63308	40.54509	40.46064	40.39896	40.36594	40.35056	40.32992	40.28035	40.18888	40.05883	1
"250053"	10.89	 6.31	37.57338	37.64895	37.74790	37.85172	37.94729	38.03154	38.11197	38.20092	38.30815	38.44043	38.59522	38.76935	38.95871	39.16038	39.37172	39.58764	39.79752	39.98528	40.13536	40.23752	40.29188	40.30996	40.31124	40.31744	40.34778	40.41632	40.53071	40.69094	40.88846	41.10642	41.32170	41.50929	41.65488	41.75781	41.83342	41.90870	42.01144	42.15647	42.33560	42.51666	42.65318	42.70206	42.64351	42.49502	42.31153	42.17367	42.14330	42.24337	42.45472	42.72882	43.00935	43.25244	43.43889	43.57490	43.68217	43.78279	43.88633	43.98611	44.06562	44.10817	44.11510	44.10024	44.08376	44.08165	44.09784	44.12295	44.14046	44.13647	44.10777	44.06351	44.01985	43.99059	43.97909	43.97540	43.96051	43.91944	43.84751	43.75200	43.64725	43.54648	43.45465	43.36640	43.26986	43.15428	43.01682	42.86481	42.71235	42.57416	42.45479	42.35015	42.25217	42.15710	42.07264	42.02013	42.03004	42.13199	42.34302	42.65867	43.05112	43.47569	43.88218	44.22610	44.48707	44.66146	44.75973	44.80078	44.80615	44.79493	44.77999	44.76634	44.75177	44.72984	44.69401	44.64172	44.57636	44.50755	44.44516	44.39445	44.35377	44.31525	44.26876	44.20729	44.13089	44.04704	43.96703	43.89996	43.84787	43.80455	43.75802	43.69830	43.62336	43.53945	43.45738	43.38614	43.32758	43.27515	43.21763	43.14582	43.05819	42.96247	42.87181	42.79816	42.74359	42.69754	42.64389	42.56811	42.46459	42.33920	42.20585	42.07934	41.96845	41.87302	41.78581	41.69807	41.60516	41.50977	41.41963	41.34104	41.27473	41.21484	41.15185	41.07775	40.99028	40.89399	40.79727	40.70719	40.62537	40.54717	40.46462	40.37249	40.27265	40.17282	40.08251	40.00766	39.94711	39.89287	39.83413	39.76279	39.67746	39.58376	39.49078	39.40635	39.33184	39.26198	39.18990	39.11130	39.02714	38.94300	38.86577	38.79938	38.74247	38.68901	38.63165	38.56558	38.49075	38.41172	38.33385	38.25951	38.18740	38.11423	38.03784	37.95946	37.88395	37.81699	37.76149	37.71497	37.66988	37.61699	37.55069	37.47451	37.39846	37.33471	37.29177	37.26997	37.26067	37.24952	37.22250	37.17204	37.10036	37.01858	36.94263	36.88732	36.85753	36.84903	36.84943	36.84193	36.81091	36.74749	36.65336	36.54192	36.43600	36.36179	36.34037	36.38066	36.47079	36.58161	36.68215	36.74846	36.77178	36.76023	36.73301	36.71010	36.70286	36.70996	36.72069	36.72293	36.71064	36.68876	36.66733	36.65242	36.64092	36.62067	36.57720	36.50387	36.40927	36.31634	36.25236	1
"250036"	 4.87	 2.82	39.23799	39.46239	39.68534	39.88188	40.04062	40.16931	40.29018	40.42646	40.58905	40.78276	40.99220	41.20921	41.43110	41.66453	41.92031	42.20426	42.50933	42.81058	43.07668	43.28250	43.42021	43.50344	43.56130	43.62695	43.72712	43.87682	44.07906	44.32696	44.60708	44.90222	45.19288	45.45824	45.68367	45.86218	45.99864	46.10982	46.21829	46.34118	46.47848	46.60757	46.68793	46.67666	46.55002	46.32242	46.05193	45.83245	45.74454	45.82714	46.06723	46.40897	46.77676	47.10141	47.34059	47.48714	47.56319	47.60381	47.63784	47.67593	47.71074	47.72543	47.71212	47.67574	47.63107	47.59366	47.57052	47.55586	47.53451	47.49059	47.41665	47.31771	47.20815	47.10321	47.00999	46.92268	46.82442	46.69969	46.54187	46.35663	46.15836	45.96209	45.77526	45.59401	45.40585	45.19760	44.96390	44.71159	44.45765	44.22349	44.02016	43.84768	43.69806	43.56464	43.45230	43.38388	43.39842	43.54112	43.84776	44.32911	44.96208	45.69220	46.44655	47.14848	47.74698	48.21663	48.55551	48.77932	48.91406	48.98843	49.02753	49.04870	49.06022	49.06291	49.05364	49.02961	48.99106	48.94348	48.89415	48.84815	48.80619	48.76427	48.71598	48.65636	48.58506	48.50726	48.43159	48.36595	48.31363	48.27158	48.23182	48.18548	48.12841	48.06178	47.99057	47.91986	47.85166	47.78399	47.71271	47.63520	47.55290	47.47135	47.39706	47.33319	47.27507	47.21157	47.13141	47.02864	46.90678	46.77771	46.65638	46.55353	46.47052	46.39868	46.32346	46.23178	46.11827	45.98802	45.85545	45.73354	45.62951	45.54258	45.46596	45.39111	45.31196	45.22693	45.13796	45.04761	44.95666	44.86366	44.76668	44.66650	44.56744	44.47532	44.39391	44.32197	44.25264	44.17629	44.08540	43.97904	43.86408	43.75239	43.65510	43.57755	43.51448	43.45367	43.38356	43.29841	43.20071	43.09918	43.00362	42.91922	42.84391	42.76976	42.68750	42.59199	42.48518	42.37592	42.27383	42.18373	42.10338	42.02488	41.93895	41.83992	41.72907	41.61425	41.50652	41.41498	41.34267	41.28511	41.23100	41.16820	41.08987	40.99674	40.89743	40.80550	40.73426	40.69144	40.67513	40.67351	40.66860	40.64317	40.58794	40.50825	40.42363	40.35507	40.31519	40.29996	40.28821	40.25050	40.16384	40.02640	39.86399	39.72359	39.65548	39.69370	39.83309	40.02754	40.22032	40.36474	40.44366	40.47311	40.48832	40.52050	40.57801	40.64139	40.67483	40.64774	40.55352	40.42426	40.30852	40.24486	40.24431	40.28576	40.32793	40.33266	40.28638	40.20717	40.13250	1
"250241"	 7.93	 4.60	47.89495	48.39214	48.74534	48.97072	49.13720	49.33457	49.63037	50.04449	50.53969	51.10199	51.65496	52.19581	52.73958	53.31320	53.93058	54.57606	55.20210	55.74956	56.18364	56.50649	56.75521	56.98131	57.22577	57.50492	57.81335	58.13867	58.47806	58.84393	59.25692	59.72897	60.24763	60.77016	61.24591	61.64578	61.98040	62.29957	62.66686	63.12040	63.64022	64.14172	64.50140	64.60826	64.42078	64.00283	63.51613	63.18023	63.14516	63.44980	64.02203	64.72278	65.40887	65.98500	66.42736	66.77307	67.08407	67.40504	67.73575	68.03347	68.24097	68.31478	68.27492	68.17288	68.07000	68.00749	67.98837	67.97950	67.93311	67.81414	67.61919	67.37694	67.13080	66.91428	66.73193	66.55492	66.33687	66.04496	65.67347	65.24481	64.79548	64.35596	63.93487	63.51644	63.07144	62.57683	62.03118	61.45903	60.90112	60.40015	59.96900	59.59856	59.26818	58.96836	58.72099	58.58946	58.67045	59.06884	59.86278	61.07075	62.63498	64.42909	66.28582	68.02568	69.52201	70.70437	71.55909	72.12065	72.45553	72.64087	72.74389	72.80765	72.84720	72.85656	72.82266	72.73980	72.61754	72.48251	72.36193	72.27024	72.20386	72.14345	72.06433	71.95014	71.80137	71.63577	71.47954	71.35406	71.26569	71.20326	71.14385	71.06581	70.96163	70.83767	70.70866	70.58704	70.47577	70.36717	70.24840	70.11112	69.95727	69.79943	69.65375	69.53114	69.42813	69.32797	69.21244	69.07005	68.90243	68.72212	68.54516	68.38158	68.23042	68.08160	67.92269	67.74793	67.56186	67.37870	67.21135	67.06326	66.92692	66.78779	66.63310	66.45878	66.27161	66.08468	65.90939	65.74782	65.59159	65.42715	65.24402	65.04491	64.84362	64.65646	64.49263	64.34834	64.20801	64.05272	63.87128	63.66717	63.45729	63.26263	63.09583	62.95359	62.81391	62.65139	62.45164	62.21893	61.97430	61.74506	61.55092	61.39416	61.25936	61.12250	60.96352	60.77678	60.57320	60.37365	60.19314	60.03292	59.88113	59.72100	59.54123	59.34255	59.13773	58.94346	58.77074	58.61800	58.47207	58.31524	58.13620	57.93996	57.74286	57.56398	57.41560	57.29721	57.19629	57.09566	56.98191	56.85260	56.71689	56.59115	56.49194	56.42818	56.39342	56.37063	56.33408	56.25469	56.10794	55.88332	55.59208	55.27135	54.98002	54.78576	54.74492	54.88388	55.17276	55.52986	55.86571	56.11043	56.23971	56.27874	56.28375	56.31031	56.38514	56.49422	56.59391	56.63791	56.60311	56.51280	56.41837	56.36736	56.37959	56.43554	56.48634	56.48141	56.39648	56.24728	56.08009	1
"250289"	 2.56	 1.48	49.97615	50.32381	50.60479	50.81024	50.95988	51.09231	51.24482	51.43690	51.66041	51.92206	52.18992	52.47005	52.77440	53.11969	53.51480	53.95085	54.39778	54.80976	55.14747	55.39068	55.54568	55.64224	55.72204	55.82611	55.98685	56.22502	56.54924	56.95443	57.42072	57.91439	58.39179	58.80799	59.13961	59.38605	59.57011	59.72651	59.88234	60.03824	60.16082	60.19235	60.07572	59.78629	59.35745	58.88546	58.50665	58.36419	58.50875	58.91432	59.48849	60.11223	60.68216	61.13875	61.47378	61.71749	61.91327	62.09216	62.25858	62.39420	62.47523	62.48860	62.45477	62.40682	62.37683	62.37987	62.40696	62.43055	62.41991	62.35752	62.24791	62.11425	61.98506	61.87835	61.79159	61.70115	61.57660	61.39965	61.17167	60.91195	60.64671	60.39505	60.15924	59.92453	59.66818	59.37365	59.04130	58.69028	58.35037	58.05004	57.79285	57.56264	57.33185	57.07997	56.81151	56.56663	56.41797	56.45315	56.74724	57.33405	58.18808	59.22591	60.32639	61.35521	62.21766	62.86658	63.30147	63.55814	63.69148	63.75612	63.79134	63.81453	63.82449	63.81149	63.76899	63.70120	63.62361	63.55635	63.51070	63.48417	63.46199	63.42437	63.35642	63.25590	63.13432	63.01114	62.90406	62.82039	62.75420	62.69044	62.61261	62.51509	62.40404	62.29267	62.19322	62.10931	62.03400	61.95400	61.85746	61.74145	61.61353	61.48779	61.37642	61.28265	61.19657	61.10178	60.98625	60.84820	60.69743	60.54924	60.41577	60.29897	60.18981	60.07395	59.94043	59.78908	59.63118	59.48520	59.36203	59.25971	59.16424	59.05686	58.92450	58.76728	58.59912	58.44081	58.30907	58.20733	58.12388	58.03804	57.93018	57.79590	57.64708	57.50343	57.38186	57.28710	57.20886	57.12717	57.02298	56.88829	56.73059	56.56905	56.42482	56.31178	56.22704	56.15417	56.07487	55.97711	55.86002	55.73280	55.60852	55.49654	55.39810	55.30692	55.21358	55.11136	54.99980	54.88435	54.77125	54.66246	54.55430	54.43988	54.31356	54.17500	54.03072	53.89123	53.76612	53.65942	53.56802	53.48394	53.39915	53.31131	53.22519	53.14904	53.08936	53.04592	53.01005	52.96790	52.90628	52.81966	52.71365	52.60349	52.50806	52.43986	52.39337	52.34794	52.27309	52.13979	51.93337	51.66265	51.36098	51.07900	50.87105	50.77957	50.82233	50.98849	51.23534	51.50728	51.76180	51.97643	52.15029	52.29601	52.42793	52.55197	52.66238	52.74554	52.78894	52.78988	52.75860	52.71710	52.68477	52.66983	52.66738	52.66299	52.64128	52.59484	52.52819	52.45530	52.39167	1
"240286"	 3.10	 1.80	55.82423	56.02880	56.15171	56.25009	56.38623	56.59959	56.88858	57.21622	57.53265	57.81802	58.07794	58.36459	58.73861	59.23754	59.85238	60.52591	61.16951	61.70287	62.09719	62.37578	62.59724	62.82316	63.09212	63.41418	63.78490	64.20581	64.69665	65.28939	66.00625	66.83448	67.71464	68.54957	69.26134	69.82858	70.30002	70.77018	71.32110	71.95727	72.57054	72.95966	72.90415	72.26833	71.09376	69.63300	68.29430	67.54129	67.59686	68.44376	69.84777	71.47188	73.00842	74.27455	75.24288	76.00624	76.69854	77.41048	78.14116	78.80874	79.30868	79.56963	79.63995	79.62376	79.63678	79.74957	79.95613	80.18315	80.33427	80.34398	80.21176	79.99912	79.79327	79.65844	79.60122	79.56480	79.46279	79.23922	78.89242	78.47247	78.05077	77.67982	77.36525	77.06530	76.71753	76.27777	75.74848	75.18079	74.64923	74.21721	73.88114	73.58987	73.27210	72.88196	72.43673	72.02899	71.80680	71.92811	72.50573	73.56328	75.02125	76.71936	78.46177	80.05848	81.39317	82.41171	83.11372	83.53887	83.75156	83.82513	83.82630	83.80220	83.77340	83.73562	83.66993	83.55783	83.39356	83.19489	82.99194	82.81057	82.66137	82.53531	82.41016	82.26383	82.08723	81.88989	81.69444	81.52350	81.38641	81.27350	81.16030	81.02303	80.85441	80.66536	80.47756	80.30932	80.16385	80.02676	79.87451	79.68918	79.46989	79.23479	79.01132	78.82165	78.66606	78.52189	78.36085	78.16420	77.93371	77.69016	77.46046	77.26095	77.08724	76.91641	76.72051	76.48397	76.21434	75.94208	75.70093	75.50629	75.34815	75.19636	75.01727	74.79211	74.52730	74.25078	73.99625	73.78409	73.61032	73.44954	73.26861	73.04983	72.80126	72.54819	72.31766	72.12215	71.95224	71.78242	71.58633	71.35252	71.09143	70.82935	70.59308	70.39555	70.22485	70.05461	69.86359	69.64735	69.42043	69.20674	69.02383	68.87063	68.72639	68.56182	68.35600	68.10956	67.84626	67.60224	67.39959	67.23654	67.08928	66.92565	66.72358	66.48351	66.22818	65.98952	65.79107	65.63515	65.50240	65.36240	65.19065	64.98650	64.76736	64.55704	64.37157	64.21095	64.06065	63.90156	63.72166	63.52279	63.31832	63.12381	62.94729	62.78248	62.61017	62.40731	62.15122	61.82274	61.40786	60.90125	60.31476	59.68832	59.09569	58.63561	58.40569	58.47291	58.82271	59.34685	59.90638	60.37111	60.66819	60.80493	60.85526	60.91614	61.05673	61.28539	61.55132	61.77766	61.90142	61.91915	61.87961	61.84246	61.84269	61.86890	61.87169	61.79869	61.63369	61.41554	61.22265	1
"250369"	 6.61	 3.83	37.71392	38.14370	38.39452	38.51026	38.57218	38.66314	38.83072	39.07491	39.35304	39.65043	39.92413	40.19936	40.51800	40.92197	41.42725	42.01059	42.61180	43.15337	43.58187	43.88282	44.08105	44.22396	44.35940	44.52156	44.73024	44.99844	45.34028	45.77018	46.29425	46.89796	47.53878	48.14824	48.66418	49.05361	49.32586	49.52657	49.71079	49.90707	50.09158	50.18776	50.09482	49.73651	49.11054	48.31444	47.53079	46.98903	46.83070	47.09163	47.70092	48.52224	49.40938	50.25066	50.98932	51.61764	52.15329	52.61265	52.99422	53.28118	53.45816	53.52510	53.52426	53.50651	53.51661	53.57415	53.66637	53.75638	53.80385	53.78605	53.70897	53.60259	53.50385	53.43651	53.39818	53.35959	53.28170	53.14001	52.93381	52.68467	52.42340	52.17367	51.94023	51.70855	51.45500	51.16296	50.83441	50.49154	50.16673	49.88824	49.65365	49.43711	49.19975	48.91187	48.57418	48.23087	47.96678	47.88837	48.09274	48.63365	49.49836	50.60558	51.82597	53.00714	54.03043	54.82828	55.38522	55.73033	55.92064	56.01954	56.07757	56.12138	56.15382	56.16352	56.13852	56.07754	55.99358	55.91054	55.84776	55.81132	55.79276	55.77401	55.73693	55.67240	55.58376	55.48397	55.38786	55.30411	55.23170	55.16216	55.08590	55.00052	54.91176	54.82862	54.75670	54.69263	54.62497	54.54034	54.43165	54.30428	54.17462	54.06277	53.98156	53.92881	53.88407	53.82073	53.72103	53.58373	53.42516	53.27031	53.14015	53.04132	52.96389	52.88785	52.79412	52.67512	52.53778	52.40029	52.27878	52.17737	52.08795	51.99567	51.88872	51.76524	51.63444	51.51060	51.40407	51.31375	51.22689	51.12578	50.99699	50.84363	50.68243	50.53420	50.41336	50.32058	50.24259	50.15953	50.05604	49.92954	49.79148	49.66081	49.55317	49.47293	49.40777	49.33769	49.24734	49.13300	49.00349	48.87456	48.75945	48.66126	48.57151	48.47543	48.36049	48.22457	48.07846	47.94215	47.83179	47.75257	47.69643	47.64588	47.58153	47.48977	47.36816	47.22475	47.07396	46.93012	46.80268	46.69458	46.60264	46.51919	46.43769	46.35271	46.26096	46.16078	46.05154	45.93361	45.80796	45.67704	45.54530	45.41978	45.30995	45.22489	45.16453	45.11672	45.05373	44.93597	44.72394	44.39607	43.96425	43.48004	43.02551	42.69079	42.54539	42.61686	42.86542	43.19821	43.52431	43.78216	43.95964	44.08839	44.21810	44.38447	44.58803	44.79372	44.95152	45.02570	45.01376	44.95609	44.90400	44.88877	44.90731	44.92501	44.89764	44.80084	44.64739	44.48303	44.36177	1
"250190"	 7.57	 4.39	29.47251	29.70200	29.89045	30.00385	30.04050	30.02872	30.00895	30.01242	30.04360	30.11004	30.17532	30.22992	30.27225	30.31497	30.37663	30.47014	30.59457	30.72973	30.84779	30.92619	30.95728	30.95117	30.92975	30.91664	30.92913	30.97504	31.05425	31.16156	31.28996	31.43175	31.57780	31.71619	31.83530	31.92697	31.99090	32.03677	32.08129	32.14057	32.22073	32.31204	32.38992	32.42401	32.39245	32.29550	32.16139	32.04326	31.99241	32.03700	32.17400	32.37303	32.58995	32.78327	32.92743	33.01833	33.07010	33.10515	33.14207	33.18783	33.23755	33.27966	33.30696	33.32055	33.32848	33.34070	33.36360	33.39654	33.43284	33.46371	33.48309	33.49045	33.49018	33.48847	33.48941	33.49299	33.49520	33.49226	33.48303	33.46984	33.45683	33.44726	33.44120	33.43541	33.42516	33.40743	33.38292	33.35602	33.33233	33.31570	33.30430	33.29312	33.27682	33.25385	33.22850	33.21063	33.21248	33.24393	33.30864	33.40229	33.51396	33.62983	33.73719	33.82678	33.89558	33.94323	33.97113	33.98195	33.97996	33.97071	33.96009	33.95261	33.94972	33.94922	33.94625	33.93587	33.91557	33.88793	33.85895	33.83432	33.81680	33.80454	33.79194	33.77273	33.74312	33.70393	33.66014	33.61823	33.58293	33.55493	33.53118	33.50643	33.47770	33.44499	33.41058	33.37649	33.34254	33.30579	33.26221	33.20994	33.15138	33.09341	33.04437	33.01011	32.98890	32.97094	32.94405	32.89837	32.83132	32.74847	32.66069	32.57877	32.50860	32.44927	32.39467	32.33813	32.27660	32.21334	32.15576	32.11006	32.07781	32.05473	32.03286	32.00442	31.96556	31.91773	31.86630	31.81678	31.77162	31.72908	31.68467	31.63509	31.58134	31.52815	31.48119	31.44367	31.41394	31.38596	31.35247	31.30908	31.25704	31.20285	31.15477	31.11897	31.09477	31.07528	31.05241	31.02092	30.98104	30.93806	30.89898	30.86818	30.84508	30.82502	30.80245	30.77512	30.74623	30.72311	30.71133	30.71044	30.71274	30.70634	30.68109	30.63446	30.57425	30.51563	30.47431	30.45872	30.46547	30.48011	30.48267	30.46065	30.41383	30.35368	30.29750	30.25994	30.24631	30.25100	30.26114	30.26407	30.25415	30.23544	30.21907	30.21637	30.22947	30.25039	30.26398	30.25458	30.21340	30.14284	30.05530	29.96851	29.89925	29.85857	29.84959	29.86839	29.90566	29.95065	29.99468	30.03035	30.05176	30.05525	30.04057	30.01156	29.97532	29.93952	29.90886	29.88259	29.85469	29.81687	29.76494	29.70161	29.63672	29.58332	29.55104	29.54092	29.54398	29.54508	29.52950	1
"250110"	 2.52	 1.46	59.54799	59.94374	60.25516	60.46512	60.59564	60.69650	60.81833	60.98922	61.20057	61.45692	61.71483	61.97677	62.25605	62.57598	62.95336	63.38405	63.83698	64.25898	64.60260	64.84344	64.98986	65.07844	65.15824	65.27390	65.45578	65.71794	66.06091	66.47372	66.93527	67.41507	67.87472	68.27342	68.58865	68.81889	68.98716	69.13170	69.28596	69.45658	69.61111	69.68487	69.60663	69.33570	68.89542	68.38512	67.95916	67.79010	67.95122	68.42298	69.10001	69.83574	70.49517	70.99483	71.31889	71.50859	71.63175	71.74690	71.87788	72.01122	72.11427	72.15780	72.14777	72.11206	72.08529	72.08876	72.11850	72.14743	72.14099	72.07652	71.95592	71.80442	71.65659	71.53751	71.44886	71.36639	71.25285	71.08268	70.85234	70.58068	70.29750	70.02739	69.77723	69.53403	69.27367	68.97617	68.63806	68.27578	67.91808	67.59409	67.31054	67.05578	66.80813	66.55329	66.30015	66.08910	65.98728	66.07166	66.40475	67.01056	67.86115	68.88007	69.96103	70.98744	71.87367	72.57012	73.06261	73.36791	73.52525	73.58446	73.59316	73.58612	73.57985	73.57389	73.55761	73.51953	73.45429	73.36828	73.27438	73.18365	73.10067	73.02183	72.93843	72.84267	72.73249	72.61317	72.49459	72.38569	72.28962	72.20215	72.11409	72.01692	71.90833	71.79179	71.67351	71.55738	71.44221	71.32233	71.19137	71.04763	70.89638	70.74840	70.61459	70.49992	70.39766	70.29181	70.16614	70.01050	69.82569	69.62237	69.41608	69.22053	69.04317	68.88463	68.74095	68.60762	68.48134	68.36024	68.24060	68.11727	67.98458	67.83931	67.68386	67.52655	67.37836	67.24702	67.13194	67.02280	66.90408	66.76322	66.59769	66.42096	66.25348	66.11229	66.00222	65.91258	65.82165	65.70714	65.55751	65.37790	65.18805	65.01261	64.86934	64.76215	64.67690	64.59211	64.49174	64.37083	64.23553	64.09739	63.96552	63.84097	63.71699	63.58419	63.43681	63.27717	63.11555	62.96561	62.83560	62.72676	62.63432	62.55120	62.47152	62.39127	62.30721	62.21438	62.10611	61.97677	61.82688	61.66685	61.51746	61.39853	61.32028	61.27722	61.24955	61.21149	61.14352	61.04234	60.92211	60.80722	60.71905	60.66500	60.63496	60.60515	60.55386	60.47128	60.35995	60.22759	60.07818	59.90740	59.70710	59.47772	59.24053	59.04096	58.93732	58.98178	59.18645	59.50460	59.86125	60.17607	60.39554	60.51224	60.56173	60.59872	60.66580	60.77112	60.88620	60.96377	60.96277	60.88197	60.75987	60.64989	60.59625	60.61276	60.67781	60.74768	60.78025	60.75615	60.68551	1
"250271"	 6.93	 4.02	48.03348	48.33132	48.59395	48.86004	49.17337	49.56245	50.02827	50.54888	51.09442	51.66158	52.25482	52.90766	53.64688	54.47223	55.34498	56.19576	56.94336	57.53886	57.99174	58.35624	58.70555	59.09503	59.53910	60.01403	60.48175	60.91939	61.33813	61.78022	62.29508	62.90689	63.59349	64.28589	64.91168	65.43963	65.89835	66.36300	66.90849	67.55159	68.21463	68.73497	68.92190	68.64151	67.89566	66.85611	65.82651	65.16208	65.04971	65.49066	66.32358	67.31403	68.25631	69.04315	69.68188	70.25748	70.86352	71.53653	72.22776	72.82737	73.22483	73.35639	73.28393	73.11735	72.97147	72.91331	72.93627	72.97262	72.93660	72.77349	72.48869	72.14188	71.81202	71.55307	71.36431	71.18710	70.93828	70.56402	70.06049	69.47114	68.85951	68.27390	67.72328	67.17652	66.58463	65.91320	65.16637	64.38947	63.64955	63.00973	62.47910	62.02979	61.61580	61.20867	60.82912	60.56082	60.53888	60.91572	61.81414	63.28284	65.27071	67.63111	70.15297	72.59297	74.75661	76.51788	77.82485	78.69715	79.21120	79.47473	79.59577	79.65526	79.69244	79.70812	79.68269	79.59982	79.46311	79.30407	79.16099	79.05748	78.99124	78.93571	78.85513	78.72517	78.54723	78.34862	78.16803	78.03428	77.95064	77.89333	77.82270	77.71072	77.55635	77.38260	77.22160	77.09428	76.99759	76.90645	76.78937	76.62847	76.43142	76.22823	76.05413	75.92957	75.84193	75.75300	75.62527	75.44179	75.21629	74.98493	74.78499	74.63286	74.51412	74.39160	74.22666	74.00225	73.73354	73.46310	73.23198	73.05372	72.90961	72.76013	72.56835	72.32161	72.03942	71.76253	71.52939	71.35325	71.21374	71.06776	70.87132	70.61307	70.31862	70.03218	69.79189	69.60811	69.45746	69.29642	69.08647	68.81680	68.51139	68.21611	67.97328	67.79996	67.67179	67.54100	67.36757	67.13786	66.87008	66.60163	66.36643	66.17544	66.01176	65.84193	65.63639	65.38677	65.11031	64.83973	64.59680	64.38007	64.16747	63.93125	63.65673	63.35292	63.04887	62.77683	62.55308	62.36778	62.19022	61.98663	61.74311	61.48069	61.23861	61.05267	60.93378	60.85952	60.78390	60.66080	60.46835	60.22181	59.96705	59.75807	59.63265	59.59076	59.58890	59.57012	59.48107	59.28874	58.98768	58.59791	58.15835	57.72103	57.34636	57.09593	57.01950	57.14124	57.43164	57.80792	58.17763	58.46690	58.65100	58.76258	58.87309	59.05405	59.33727	59.69370	60.04394	60.29580	60.38298	60.31489	60.16201	60.00916	59.91828	59.90106	59.92065	59.92071	59.86436	59.75911	59.65293	1
"240174"	 8.01	 4.65	48.96013	49.20494	49.37416	49.50143	49.63528	49.81828	50.06810	50.37451	50.71005	51.06244	51.42557	51.82516	52.29241	52.84479	53.46942	54.12064	54.72985	55.23556	55.61572	55.88878	56.10223	56.30696	56.53462	56.79108	57.06691	57.35570	57.66787	58.03026	58.47074	58.99592	59.57615	60.14532	60.63810	61.02555	61.33301	61.63153	61.99920	62.46934	62.99316	63.43965	63.63821	63.45112	62.84837	61.94991	61.00680	60.34040	60.15265	60.48427	61.21882	62.14895	63.06546	63.82996	64.40705	64.84960	65.24839	65.67195	66.12681	66.55829	66.88773	67.05258	67.07338	67.01638	66.96399	66.97358	67.05120	67.15347	67.21565	67.18960	67.07053	66.89818	66.73336	66.62333	66.57508	66.54874	66.47806	66.31536	66.05077	65.71348	65.35215	65.00662	64.68679	64.36998	64.01763	63.60158	63.12405	62.61998	62.14052	61.73045	61.39039	61.09164	60.79578	60.48624	60.19263	59.99539	60.00669	60.33388	61.03861	62.10784	63.44998	64.91964	66.35675	67.62164	68.64715	69.41383	69.93908	70.26177	70.43003	70.49247	70.49192	70.46054	70.41684	70.36558	70.30167	70.21719	70.10843	69.98272	69.85464	69.73770	69.63755	69.54841	69.45579	69.34425	69.20596	69.04556	68.87825	68.72197	68.58819	68.47637	68.37494	68.26700	68.14281	68.00192	67.85117	67.69822	67.54572	67.38999	67.22506	67.04975	66.87227	66.70883	66.57580	66.48023	66.40916	66.33402	66.22588	66.06794	65.86419	65.63730	65.41707	65.22557	65.06723	64.92844	64.78675	64.62436	64.43805	64.24126	64.05481	63.89096	63.74771	63.61075	63.46292	63.29519	63.11247	62.93073	62.76666	62.62612	62.49883	62.36276	62.19489	61.98998	61.76363	61.54314	61.35339	61.20335	61.08085	60.95888	60.81011	60.62156	60.40146	60.17422	59.96673	59.79478	59.65168	59.51513	59.36473	59.19323	59.01069	58.83774	58.69232	58.57767	58.47907	58.37132	58.23278	58.05824	57.86291	57.67599	57.51903	57.39413	57.28289	57.15644	56.99161	56.78449	56.55388	56.33207	56.14850	56.01468	55.91885	55.83187	55.72109	55.57239	55.39318	55.20642	55.03786	54.90366	54.80420	54.72671	54.65352	54.57165	54.47774	54.37707	54.27811	54.18579	54.09587	53.99669	53.87140	53.70161	53.47114	53.17080	52.80469	52.39679	51.99376	51.65931	51.45860	51.44093	51.60847	51.90412	52.24739	52.55616	52.77766	52.90660	52.98114	53.05808	53.18034	53.35336	53.54193	53.68843	53.73832	53.67961	53.54717	53.39684	53.27933	53.21619	53.19367	53.17616	53.13077	53.04820	52.94756	1
"250014"	18.20	10.55	48.15816	48.15747	48.18346	48.22902	48.29641	48.39877	48.55635	48.78846	49.10389	49.51020	49.98875	50.52335	51.09276	51.67742	52.25993	52.82263	53.34256	53.79533	54.16274	54.43703	54.62633	54.75275	54.84476	54.92860	55.02323	55.13991	55.28467	55.46035	55.66719	55.90171	56.15576	56.41693	56.67456	56.92680	57.18341	57.46340	57.78529	58.15359	58.54778	58.92029	59.20643	59.34484	59.30280	59.09643	58.79432	58.50471	58.32541	58.30573	58.43957	58.67718	58.95093	59.20229	59.40023	59.54569	59.66190	59.77631	59.90308	60.03577	60.15290	60.22905	60.25817	60.25100	60.22912	60.21301	60.21147	60.21809	60.21676	60.19256	60.14181	60.07533	60.01287	59.97186	59.95621	59.95049	59.92379	59.84719	59.70391	59.49460	59.23413	58.94239	58.63414	58.31364	57.97590	57.61405	57.22720	56.82443	56.42208	56.03734	55.67439	55.32733	54.98750	54.65772	54.36555	54.16861	54.14676	54.38102	54.92470	55.77695	56.87132	58.08724	59.27894	60.30822	61.10328	61.64546	61.96197	62.10754	62.14379	62.12200	62.07355	62.00940	61.92697	61.81998	61.68676	61.53373	61.37386	61.22091	61.08125	60.95250	60.82558	60.68941	60.53620	60.36496	60.18148	59.99542	59.81583	59.64753	59.49010	59.33940	59.19070	59.04030	58.88715	58.73051	58.56837	58.39689	58.21240	58.01466	57.80932	57.60814	57.42529	57.27165	57.14909	57.04812	56.94821	56.82818	56.67492	56.48719	56.27514	56.05457	55.83957	55.63700	55.44557	55.25927	55.07265	54.88501	54.70085	54.52749	54.36668	54.21416	54.06078	53.89700	53.71809	53.52660	53.33094	53.14038	52.95965	52.78601	52.61111	52.42649	52.22954	52.02783	51.83404	51.65863	51.50342	51.35936	51.21015	51.04037	50.84385	50.62772	50.40964	50.20939	50.03916	49.89820	49.77040	49.63515	49.47866	49.29883	49.10473	48.91026	48.72588	48.55307	48.38447	48.20934	48.02081	47.82085	47.62032	47.43363	47.26791	47.12093	46.98230	46.83950	46.68474	46.51880	46.35011	46.18922	46.04229	45.90744	45.77582	45.63676	45.48443	45.32276	45.16150	45.01062	44.87512	44.75288	44.63706	44.52127	44.40405	44.28995	44.18620	44.09713	44.01982	43.94271	43.85203	43.73977	43.60744	43.46529	43.32680	43.20181	43.09238	42.99410	42.90163	42.81493	42.74186	42.69563	42.68493	42.70286	42.72989	42.73966	42.71101	42.63869	42.53680	42.43238	42.35212	42.30923	42.29718	42.29319	42.26755	42.19985	42.08931	41.94923	41.79890	41.65302	41.51578	41.38302	41.24923	41.11494	40.98815	1
"250103"	10.48	 6.08	49.28524	49.44303	49.57141	49.68360	49.80563	49.96687	50.18758	50.47191	50.80735	51.18537	51.58796	52.01786	52.48589	53.00527	53.58029	54.19750	54.82246	55.40506	55.90223	56.29054	56.57397	56.78057	56.95028	57.12231	57.32770	57.58792	57.91593	58.31583	58.78067	59.28994	59.80969	60.29667	60.71886	61.06471	61.34878	61.60566	61.87155	62.16048	62.44734	62.66803	62.73977	62.59644	62.22661	61.69693	61.14530	60.75300	60.64137	60.84615	61.31338	61.92957	62.56735	63.12672	63.55920	63.86922	64.09551	64.28235	64.45474	64.60972	64.72581	64.77868	64.77140	64.72539	64.67096	64.63085	64.60816	64.58537	64.53532	64.43745	64.29024	64.11278	63.93457	63.77935	63.65139	63.53037	63.38010	63.17084	62.89091	62.55019	62.17289	61.78402	61.39724	61.01019	60.60934	60.18128	59.72354	59.24877	58.78018	58.34322	57.94646	57.58643	57.25551	56.95740	56.72089	56.60481	56.68931	57.05434	57.75107	58.77661	60.06405	61.49447	62.92472	64.21609	65.28734	66.10367	66.67149	67.02602	67.21755	67.29864	67.31410	67.29507	67.25773	67.20614	67.13766	67.04897	66.93993	66.81693	66.68926	66.56456	66.44622	66.33231	66.21723	66.09506	65.96264	65.82120	65.67553	65.53151	65.39343	65.26247	65.13767	65.01588	64.89520	64.77438	64.65180	64.52435	64.38784	64.23885	64.07746	63.90928	63.74463	63.59503	63.46793	63.36258	63.26654	63.16123	63.03047	62.86605	62.67067	62.45591	62.23675	62.02558	61.82863	61.64618	61.47553	61.31457	61.16333	61.02353	60.89290	60.76565	60.63279	60.48566	60.32041	60.14055	59.95588	59.77789	59.61385	59.46298	59.31685	59.16425	58.99713	58.81734	58.63472	58.46085	58.30268	58.15817	58.01698	57.86564	57.69483	57.50451	57.30447	57.10955	56.93250	56.77877	56.64218	56.50983	56.37036	56.21800	56.05393	55.88385	55.71380	55.54656	55.38105	55.21439	55.04484	54.87382	54.70583	54.54573	54.39453	54.24987	54.10730	53.96289	53.81526	53.66546	53.51530	53.36504	53.21267	53.05543	52.89291	52.72988	52.57657	52.44209	52.33038	52.23680	52.14968	52.05565	51.94684	51.82553	51.70307	51.59381	51.50657	51.43913	51.37834	51.30595	51.21161	51.09703	50.97368	50.85427	50.74371	50.63493	50.51314	50.36682	50.19960	50.03550	49.91313	49.87254	49.93195	50.07173	50.25197	50.42615	50.56046	50.64560	50.69499	50.73145	50.77040	50.80979	50.83255	50.81894	50.76063	50.67470	50.59303	50.54410	50.53787	50.55872	50.57241	50.54394	50.45679	50.32250	50.17504	1
"240141"	 6.30	 3.66	53.99586	54.21834	54.37262	54.53187	54.76054	55.08562	55.48690	55.91459	56.32089	56.70431	57.09532	57.56330	58.16523	58.91116	59.74917	60.57983	61.28674	61.79817	62.12318	62.33145	62.51796	62.75662	63.07370	63.45319	63.86537	64.29815	64.77211	65.32960	66.00373	66.78568	67.61104	68.37340	68.99121	69.44667	69.79617	70.13835	70.54976	71.02122	71.43291	71.58863	71.30019	70.48890	69.25892	67.89983	66.80321	66.34922	66.63255	67.52893	68.75318	69.99335	71.03383	71.81790	72.43447	73.04295	73.77288	74.64667	75.56421	76.35702	76.87912	77.06763	77.02641	76.90940	76.85961	76.94505	77.13605	77.33255	77.42522	77.35591	77.14576	76.87857	76.65152	76.52162	76.47605	76.43700	76.31121	76.05043	75.66820	75.22684	74.79904	74.42667	74.09939	73.76416	73.35940	72.85419	72.26956	71.67015	71.13153	70.70476	70.36755	70.05840	69.70940	69.29089	68.84119	68.46791	68.31997	68.54126	69.22219	70.36646	71.88596	73.62515	75.40115	77.03706	78.42101	79.49488	80.24987	80.71786	80.95996	81.05138	81.06360	81.04774	81.02526	80.99021	80.92258	80.80668	80.64475	80.46445	80.30093	80.17757	80.09459	80.02879	79.94616	79.82050	79.64787	79.44910	79.25827	79.10374	78.99251	78.90686	78.81300	78.68460	78.51872	78.33472	78.16174	78.02026	77.90922	77.80618	77.68074	77.51323	77.30730	77.08926	76.89378	76.74557	76.64004	76.54543	76.42521	76.25631	76.04127	75.80523	75.58060	75.38826	75.22653	75.07386	74.90284	74.69748	74.46309	74.22510	74.01123	73.83312	73.68198	73.53509	73.37026	73.17909	72.97115	72.76674	72.58262	72.41972	72.26121	72.08225	71.86470	71.61581	71.36278	71.13719	70.95777	70.81968	70.69687	70.55689	70.37932	70.16712	69.94410	69.73966	69.56988	69.42668	69.27839	69.09467	68.86621	68.61146	68.36740	68.16886	68.02779	67.92437	67.81606	67.65990	67.43619	67.16018	66.87578	66.63409	66.45734	66.33451	66.22993	66.10457	65.93774	65.73688	65.53023	65.34743	65.20027	65.07507	64.94128	64.77044	64.55739	64.32964	64.12637	63.97795	63.88897	63.83544	63.77746	63.68038	63.53249	63.34962	63.16449	63.00773	62.89194	62.80325	62.70782	62.57023	62.36079	62.05889	61.65287	61.14273	60.54904	59.92434	59.35613	58.95231	58.80811	58.97214	59.39473	59.93276	60.42726	60.75736	60.89284	60.90446	60.92451	61.07671	61.41083	61.87480	62.33910	62.66052	62.74533	62.62228	62.41047	62.24072	62.19466	62.26673	62.37561	62.41740	62.32957	62.12924	61.90321	1
"250071"	10.83	 6.28	43.21842	43.57164	43.90715	44.21461	44.50206	44.79202	45.11056	45.47547	45.88788	46.35379	46.85458	47.38841	47.95296	48.54534	49.15628	49.76651	50.34647	50.86661	51.31164	51.68341	52.00015	52.28788	52.56986	52.86061	53.16726	53.49524	53.85316	54.25151	54.69549	55.17575	55.66329	56.11302	56.48955	56.78264	57.01655	57.24267	57.51485	57.85782	58.24498	58.59901	58.81764	58.81652	58.57307	58.15149	57.69236	57.37754	57.32303	57.55245	58.00060	58.55211	59.09243	59.54794	59.90228	60.18555	60.44422	60.70768	60.96846	61.18684	61.31539	61.32159	61.22855	61.08346	60.93876	60.82690	60.74655	60.66674	60.54673	60.35982	60.10846	59.82236	59.54154	59.29394	59.07971	58.86858	58.61638	58.29328	57.89544	57.44474	56.97500	56.51338	56.06663	55.61974	55.14681	54.62867	54.06659	53.48514	52.92293	52.42004	51.98874	51.62237	51.30442	51.02793	50.81320	50.71591	50.82012	51.21715	51.97600	53.11482	54.58537	56.27810	58.04550	59.72650	61.20211	62.40031	63.29631	63.90739	64.28242	64.48708	64.58708	64.63378	64.65628	64.66229	64.64665	64.60267	64.53070	64.44306	64.35566	64.27826	64.20981	64.13910	64.05169	63.93920	63.80539	63.66572	63.53989	63.44158	63.37097	63.31442	63.25031	63.16290	63.05024	62.92285	62.79665	62.68292	62.58217	62.48480	62.37815	62.25581	62.12262	61.99277	61.88127	61.79451	61.72197	61.64140	61.53216	61.38491	61.20657	61.01587	60.83285	60.66809	60.51820	60.36991	60.20980	60.03428	59.85288	59.68504	59.54369	59.42756	59.32056	59.19959	59.04719	58.86144	58.65779	58.46121	58.29315	58.15998	58.04996	57.93998	57.80727	57.64521	57.46470	57.28412	57.11770	56.96663	56.81852	56.65555	56.46637	56.25443	56.03743	55.83793	55.67065	55.53426	55.40854	55.26902	55.10217	54.91172	54.71585	54.53601	54.38378	54.25365	54.12579	53.97749	53.79625	53.58752	53.37241	53.17614	53.00877	52.86245	52.71669	52.55118	52.35834	52.14783	51.94083	51.75671	51.60091	51.46066	51.31211	51.13421	50.92484	50.70695	50.51254	50.36651	50.27294	50.21200	50.14963	50.05534	49.91828	49.75323	49.59252	49.46905	49.40076	49.37994	49.37619	49.35804	49.30351	49.20634	49.07347	48.91721	48.74887	48.57845	48.41955	48.29411	48.23123	48.26011	48.39103	48.60115	48.85016	49.09247	49.29662	49.45743	49.59403	49.73370	49.89068	50.05190	50.17924	50.22787	50.16809	50.01715	49.82958	49.66764	49.57473	49.55476	49.57182	49.57090	49.50846	49.37661	49.20647	1
"240310"	 2.90	 1.70	52.83234	53.18822	53.49131	53.75629	54.01353	54.29311	54.60863	54.95197	55.30096	55.64742	55.99256	56.36898	56.81711	57.36458	58.00692	58.70206	59.37832	59.96135	60.41244	60.73630	60.97551	61.18765	61.41996	61.69660	62.02275	62.39868	62.83226	63.34015	63.93607	64.61265	65.32903	66.01091	66.58863	67.02758	67.34615	67.60845	67.88783	68.21631	68.54690	68.75278	68.66999	68.17143	67.24487	66.03786	64.83827	64.01165	63.78132	64.19171	65.10819	66.28874	67.48193	68.50901	69.30465	69.90789	70.41240	70.90155	71.40044	71.86869	72.23345	72.43008	72.47484	72.43249	72.38843	72.40572	72.49535	72.61480	72.69515	72.68086	72.56028	72.37040	72.17457	72.02650	71.94031	71.88123	71.78322	71.59674	71.31091	70.95727	70.59015	70.25613	69.96919	69.70537	69.41899	69.07164	68.65661	68.20514	67.77091	67.40523	67.11336	66.86375	66.60656	66.30781	65.97971	65.69240	65.56003	65.70582	66.21826	67.11503	68.32979	69.72890	71.14848	72.43162	73.48807	74.28219	74.82319	75.14957	75.31407	75.37119	75.36781	75.33698	75.29546	75.24550	75.18065	75.09382	74.98385	74.86076	74.73991	74.63337	74.54372	74.46211	74.37251	74.26048	74.12119	73.96283	73.80255	73.65742	73.53516	73.43001	73.32551	73.20475	73.06179	72.90279	72.74116	72.58814	72.44520	72.30283	72.14704	71.96978	71.77645	71.58563	71.42012	71.29499	71.20318	71.11653	71.00216	70.83690	70.61904	70.36866	70.11690	69.89015	69.69788	69.53039	69.36676	69.18849	68.99058	68.78503	68.59196	68.42381	68.27830	68.13952	67.98734	67.80938	67.60849	67.40114	67.20747	67.03875	66.88982	66.74131	66.56921	66.36301	66.13245	65.90081	65.69271	65.52069	65.37848	65.24469	65.09491	64.91539	64.71057	64.50014	64.30740	64.14682	64.01246	63.88276	63.73601	63.56142	63.36451	63.16308	62.97621	62.81313	62.66854	62.52705	62.37333	62.20252	62.02416	61.85763	61.71603	61.59790	61.48648	61.35792	61.19417	60.99326	60.77149	60.55547	60.36883	60.22044	60.10050	59.98628	59.85392	59.69523	59.51918	59.34555	59.19373	59.07219	58.97446	58.88326	58.77980	58.65390	58.50919	58.36160	58.23272	58.13947	58.08017	58.03621	57.97292	57.84682	57.61768	57.26256	56.78886	56.24143	55.69928	55.25925	55.00924	55.00470	55.23170	55.60243	56.00782	56.34754	56.56710	56.67416	56.72691	56.79986	56.94497	57.16504	57.41221	57.61112	57.68996	57.62923	57.46829	57.27571	57.12008	57.04079	57.03540	57.06864	57.09536	57.08473	57.03199	1
"250361"	 8.10	 4.70	45.16176	45.44540	45.62498	45.76072	45.92503	46.17381	46.52524	46.96016	47.43622	47.93317	48.43076	48.95020	49.51775	50.14579	50.81693	51.48455	52.08624	52.57875	52.96283	53.27472	53.56621	53.87685	54.21723	54.57223	54.91980	55.25218	55.58640	55.95531	56.38368	56.86220	57.33550	57.71437	57.93768	58.00714	58.00548	58.07336	58.35005	58.90384	59.68639	60.53576	61.23038	61.57556	61.48891	61.04707	60.46690	60.04065	59.96960	60.30390	60.95052	61.73491	62.48394	63.09106	63.54128	63.89234	64.22606	64.59529	64.99339	65.36171	65.62734	65.73834	65.71947	65.63133	65.54302	65.49748	65.49282	65.48851	65.43253	65.29283	65.07595	64.82301	64.58653	64.40109	64.26364	64.13126	63.94454	63.66412	63.28466	62.83329	62.35171	61.87291	61.40494	60.93029	60.42015	59.85561	59.24261	58.61314	58.01180	57.47907	57.01847	56.61144	56.23245	55.87520	55.57374	55.40896	55.49473	55.94647	56.84143	58.18498	59.89775	61.83026	63.79609	65.60382	67.12657	68.29777	69.11194	69.61465	69.88437	70.00875	70.06170	70.08787	70.09927	70.08444	70.02538	69.91442	69.76291	69.60162	69.46061	69.35435	69.27629	69.20313	69.10800	68.97533	68.80940	68.63216	68.47122	68.34458	68.25080	68.16987	68.07225	67.93948	67.77266	67.58928	67.41211	67.25533	67.11691	66.98124	66.83026	66.65691	66.47142	66.29741	66.15875	66.06572	66.00260	65.93532	65.83170	65.67551	65.47407	65.25251	65.03905	64.84947	64.68003	64.51230	64.32662	64.11652	63.89479	63.69043	63.52600	63.40475	63.30752	63.20151	63.05712	62.86316	62.63297	62.39738	62.18832	62.02173	61.88957	61.76482	61.61468	61.42214	61.19395	60.95232	60.72175	60.51590	60.33163	60.15342	59.96443	59.75715	59.53737	59.31918	59.11462	58.92550	58.73976	58.54200	58.32553	58.09777	57.87721	57.68293	57.52242	57.38548	57.24838	57.08659	56.88862	56.66362	56.43815	56.24265	56.08830	55.96433	55.84364	55.69786	55.51310	55.29731	55.07530	54.87391	54.70610	54.56307	54.41890	54.24467	54.02668	53.78006	53.53555	53.32425	53.16153	53.03954	52.93201	52.80891	52.65232	52.46601	52.27281	52.10256	51.97873	51.90677	51.86879	51.83880	51.78893	51.69621	51.54640	51.33622	51.07625	50.79440	50.53622	50.35802	50.31134	50.42516	50.67645	50.98842	51.27080	51.45118	51.50706	51.47533	51.43305	51.45842	51.59021	51.80567	52.02929	52.16873	52.15436	51.99152	51.75130	51.52495	51.38393	51.34611	51.37075	51.38369	51.31939	51.15634	50.92704	1
"250109"	 1.84	 1.07	60.49184	60.89854	61.22021	61.43329	61.55520	61.63384	61.72068	61.84626	62.00503	62.20323	62.39936	62.59637	62.80800	63.05839	63.36583	63.72827	64.11718	64.48125	64.77348	64.96875	65.07384	65.12352	65.16551	65.24383	65.38875	65.61450	65.92186	66.30019	66.72898	67.17874	67.61232	67.98988	68.28837	68.50456	68.65885	68.78705	68.92172	69.07094	69.20588	69.26615	69.18364	68.91776	68.48822	67.98805	67.56504	67.38758	67.53120	67.98221	68.64253	69.37136	70.03587	70.55067	70.89509	71.10486	71.24399	71.37036	71.51031	71.65441	71.77349	71.83997	71.85797	71.85261	71.85610	71.88878	71.94760	72.00764	72.03674	72.01372	71.94057	71.84140	71.74904	71.68694	71.65582	71.63113	71.57603	71.46557	71.29696	71.08990	70.87520	70.67850	70.50758	70.34982	70.18062	69.97855	69.73786	69.47212	69.20695	68.96802	68.76016	68.57007	68.37481	68.15844	67.92693	67.71553	67.58378	67.59937	67.81612	68.25326	68.88492	69.64501	70.44486	71.19122	71.82051	72.29991	72.62510	72.81447	72.90102	72.92266	72.91301	72.89464	72.87656	72.85636	72.82586	72.77796	72.71117	72.63245	72.55202	72.47695	72.40803	72.33935	72.26177	72.16851	72.05902	71.93989	71.82170	71.71369	71.61930	71.53487	71.45194	71.36197	71.26163	71.15226	71.03750	70.91931	70.79640	70.66520	70.52329	70.37330	70.22357	70.08530	69.96670	69.86766	69.77565	69.67145	69.53896	69.37167	69.17600	68.96802	68.76619	68.58357	68.42363	68.28131	68.14765	68.01584	67.88409	67.75549	67.63258	67.51418	67.39509	67.26885	67.13233	66.98838	66.84500	66.71074	66.58932	66.47637	66.36131	66.23317	66.08707	65.93056	65.77863	65.64578	65.53827	65.45033	65.36649	65.26917	65.14764	65.00334	64.84888	64.70103	64.57169	64.46277	64.36364	64.26002	64.14311	64.01343	63.87959	63.75252	63.63866	63.53589	63.43505	63.32579	63.20276	63.06931	62.93635	62.81661	62.71561	62.63074	62.55332	62.47370	62.38605	62.28981	62.18825	62.08460	61.97967	61.87208	61.76145	61.65192	61.55353	61.47593	61.42342	61.39040	61.36253	61.32263	61.25933	61.17358	61.07805	60.99066	60.92422	60.87919	60.84284	60.79486	60.72211	60.62334	60.50698	60.38188	60.24804	60.09375	59.90242	59.66755	59.40700	59.16739	59.01288	59.00501	59.16690	59.45934	59.81000	60.13445	60.36881	60.49211	60.52796	60.52583	60.53277	60.57091	60.63135	60.68504	60.70217	60.67619	60.62734	60.58615	60.57595	60.59894	60.63523	60.65535	60.63815	60.58363	60.51264	1
"250242"	 6.81	 3.95	45.88457	46.40700	46.76734	46.97897	47.11254	47.26139	47.49534	47.83428	48.23960	48.69659	49.13080	49.54411	49.95734	50.40217	50.89476	51.41943	51.92795	52.36150	52.68752	52.91154	53.07328	53.22455	53.40426	53.62559	53.88075	54.15692	54.45247	54.78100	55.16195	55.60207	56.08009	56.54375	56.93983	57.24545	57.48707	57.73588	58.07474	58.55086	59.13861	59.73405	60.18715	60.36263	60.20624	59.78588	59.28256	58.94350	58.93803	59.30895	59.97329	60.77268	61.54491	62.18326	62.66337	63.03108	63.36112	63.70864	64.07727	64.42129	64.67714	64.79635	64.79962	64.74340	64.69488	64.69828	64.75469	64.82503	64.85480	64.80521	64.67430	64.49667	64.32294	64.19129	64.10602	64.03335	63.91987	63.72902	63.45589	63.12724	62.78444	62.45998	62.16008	61.86313	61.53397	61.14688	60.70261	60.23110	59.77792	59.38554	59.05906	58.77734	58.50789	58.23418	57.97753	57.80522	57.81764	58.11830	58.77693	59.79910	61.11611	62.60017	64.09637	65.45335	66.58051	67.43858	68.03494	68.41085	68.62574	68.74042	68.80327	68.84218	68.86405	68.86143	68.82349	68.74681	68.64098	68.52921	68.43440	68.36806	68.32571	68.28870	68.23336	68.14341	68.01824	67.87383	67.73504	67.62319	67.54575	67.49299	67.44277	67.37294	67.27477	67.15380	67.02525	66.90362	66.79460	66.69266	66.58531	66.46260	66.32373	66.17884	66.04322	65.92889	65.83500	65.74697	65.64723	65.52329	65.37487	65.21293	65.05306	64.90603	64.77208	64.64176	64.50212	64.34592	64.17629	64.00707	63.85303	63.72027	63.60353	63.48886	63.36201	63.21603	63.05493	62.89057	62.73525	62.59340	62.45886	62.31853	62.15976	61.98132	61.79397	61.61351	61.45191	61.31038	61.17842	61.03990	60.88280	60.70653	60.52270	60.34833	60.19520	60.06246	59.93286	59.78486	59.60557	59.39841	59.18255	58.98429	58.82418	58.70693	58.61934	58.53727	58.43662	58.30434	58.14239	57.96511	57.78859	57.62066	57.46012	57.30117	57.13985	56.97814	56.82386	56.68469	56.56203	56.44747	56.32558	56.18085	56.00748	55.81635	55.62677	55.45750	55.31763	55.20204	55.09412	54.97479	54.83212	54.66862	54.50089	54.35271	54.24551	54.18767	54.16502	54.14975	54.10509	53.99538	53.79739	53.51007	53.15904	52.79512	52.48481	52.29412	52.26872	52.41894	52.70055	53.02849	53.32062	53.52189	53.62355	53.66030	53.68808	53.75321	53.86873	54.00879	54.12459	54.17274	54.13868	54.05465	53.97500	53.94371	53.97280	54.03472	54.07633	54.04832	53.93258	53.75279	53.56132	1
"250192"	13.95	 8.09	38.65273	38.98868	39.28769	39.51557	39.67750	39.81367	39.97709	40.20774	40.50989	40.89310	41.30212	41.71421	42.11158	42.49302	42.86693	43.23987	43.60737	43.95228	44.25477	44.50191	44.69493	44.84907	44.98625	45.12622	45.28141	45.45693	45.65415	45.87268	46.11092	46.36391	46.62080	46.86502	47.08304	47.27119	47.44077	47.61633	47.82536	48.08353	48.38259	48.68795	48.94823	49.11458	49.16275	49.10794	49.00416	48.93046	48.94781	49.07717	49.29843	49.56525	49.82810	50.05393	50.23557	50.38779	50.53359	50.68821	50.84863	50.99508	51.10257	51.15207	51.15135	51.12097	51.08557	51.06173	51.05105	51.04111	51.01435	50.95864	50.87440	50.77394	50.67413	50.58651	50.51026	50.43103	50.32906	50.19098	50.01465	49.80875	49.58657	49.35834	49.12597	48.88327	48.62104	48.33464	48.02856	47.71612	47.41396	47.13637	46.88429	46.65286	46.43819	46.24800	46.10840	46.06443	46.17157	46.48013	47.01715	47.77195	48.69249	49.69524	50.68338	51.56434	52.28526	52.82432	53.18909	53.40901	53.52548	53.58054	53.60724	53.62393	53.63407	53.63105	53.60587	53.55443	53.48099	53.39886	53.32197	53.25804	53.20641	53.15905	53.10545	53.03862	52.95848	52.87151	52.78674	52.71041	52.64256	52.57733	52.50641	52.42551	52.33692	52.24751	52.16455	52.09044	52.02104	51.94775	51.86235	51.76279	51.65485	51.55002	51.45935	51.38757	51.32801	51.26584	51.18692	51.08332	50.95696	50.81732	50.67598	50.54050	50.41159	50.28475	50.15451	50.01978	49.88530	49.76099	49.65321	49.56189	49.47992	49.39635	49.30213	49.19430	49.07691	48.95783	48.84368	48.73540	48.62791	48.51361	48.38740	48.25248	48.11837	47.99538	47.88869	47.79503	47.70355	47.60118	47.47945	47.33905	47.18971	47.04523	46.91643	46.80687	46.70990	46.61452	46.51279	46.40303	46.28939	46.17805	46.07244	45.97041	45.86557	45.75194	45.62825	45.50026	45.37895	45.27441	45.18768	45.11131	45.03232	44.93880	44.82591	44.69807	44.56674	44.44394	44.33606	44.24057	44.14791	44.04674	43.93074	43.80354	43.67471	43.55459	43.44935	43.35845	43.27583	43.19408	43.10818	43.01800	42.92746	42.84169	42.76446	42.69644	42.63567	42.57999	42.52737	42.47526	42.42043	42.36001	42.29358	42.22641	42.17088	42.14437	42.16289	42.23292	42.34125	42.45665	42.54535	42.58327	42.56725	42.51651	42.46369	42.43894	42.45478	42.49933	42.54187	42.54792	42.49463	42.38839	42.25920	42.14327	42.06818	42.04008	42.04158	42.04162	42.01142	41.93809	41.82845	1
"240332"	18.30	10.60	39.80229	39.89688	40.01583	40.14847	40.29284	40.45765	40.65950	40.91511	41.23217	41.61456	42.04544	42.50921	42.98891	43.47258	43.95356	44.42691	44.88379	45.30983	45.68917	46.00940	46.26779	46.47339	46.64380	46.79900	46.95619	47.12736	47.31942	47.53485	47.77220	48.02592	48.28610	48.53885	48.77218	48.98022	49.16683	49.34569	49.53499	49.74797	49.98337	50.22092	50.42463	50.55426	50.58165	50.50575	50.35887	50.20185	50.09805	50.08470	50.16580	50.31612	50.49542	50.66520	50.80154	50.89991	50.97106	51.03077	51.08862	51.14220	51.17911	51.18252	51.14738	51.07869	50.98931	50.89307	50.79795	50.70284	50.59974	50.47950	50.33788	50.17825	50.00946	49.84015	49.67276	49.49986	49.30738	49.08232	48.81857	48.51934	48.19483	47.85653	47.51130	47.15858	46.79209	46.40557	45.99877	45.58071	45.16808	44.78174	44.43296	44.12603	43.86158	43.64608	43.50172	43.47130	43.61351	43.98767	44.63144	45.53955	46.65392	47.87215	49.07016	50.12822	50.98067	51.60533	52.01880	52.26258	52.38712	52.43796	52.44708	52.43100	52.39440	52.33650	52.25711	52.15972	52.05141	51.94056	51.83231	51.72734	51.62306	51.51567	51.40249	51.28333	51.16024	51.03629	50.91401	50.79448	50.67769	50.56348	50.45286	50.34660	50.24501	50.14600	50.04470	49.93440	49.80949	49.66845	49.51565	49.36074	49.21531	49.08838	48.98224	48.89106	48.80119	48.69821	48.57274	48.42286	48.25410	48.07625	47.89905	47.72874	47.56702	47.41231	47.26193	47.11417	46.96860	46.82550	46.68349	46.54007	46.39242	46.23908	46.08154	45.92413	45.77228	45.62990	45.49712	45.36987	45.24165	45.10659	44.96184	44.80935	44.65337	44.49758	44.34332	44.18958	44.03473	43.87877	43.72452	43.57662	43.43867	43.31015	43.18518	43.05405	42.90802	42.74590	42.57439	42.40561	42.25114	42.11586	41.99482	41.87492	41.74119	41.58459	41.40743	41.22318	41.05121	40.90700	40.79031	40.68827	40.58014	40.44697	40.28081	40.08877	39.89013	39.70761	39.55767	39.44373	39.35549	39.27363	39.17767	39.05764	38.91553	38.76207	38.61090	38.47257	38.35113	38.24448	38.14714	38.05400	37.96306	37.87601	37.79711	37.73065	37.67689	37.63265	37.59077	37.54166	37.47615	37.38925	37.28333	37.16954	37.06667	36.99648	36.97633	37.01188	37.08816	37.17334	37.23445	37.24808	37.20983	37.13567	37.05407	36.99230	36.96350	36.96047	36.95969	36.93357	36.86368	36.75664	36.63957	36.54463	36.49388	36.48701	36.49940	36.49224	36.43012	36.29781	36.10773	1
"250344"	 2.69	 1.56	53.50993	54.01469	54.41287	54.66598	54.79115	54.85051	54.91659	55.03805	55.21391	55.46004	55.71253	55.96632	56.22856	56.52619	56.88874	57.32834	57.82715	58.33008	58.77135	59.09902	59.29482	59.38116	59.41104	59.44911	59.55414	59.76754	60.10819	60.56939	61.12073	61.71403	62.29203	62.79971	63.20902	63.51683	63.74368	63.92150	64.07425	64.20034	64.26629	64.21741	64.00331	63.61012	63.08597	62.54433	62.13827	62.02592	62.25727	62.79797	63.53802	64.33533	65.06287	65.64182	66.05314	66.32679	66.51578	66.66754	66.80399	66.92013	66.99820	67.02446	67.01246	66.98902	66.98231	67.00663	67.05491	67.10226	67.11992	67.09033	67.01598	66.91688	66.81850	66.73710	66.67016	66.59570	66.48628	66.32620	66.11839	65.88238	65.64327	65.41841	65.20834	64.99727	64.76229	64.48759	64.17454	63.84300	63.52268	63.24129	63.00188	62.78891	62.57689	62.34868	62.11190	61.90812	61.80812	61.89387	62.23237	62.84941	63.71480	64.74613	65.82946	66.84236	67.70084	68.36337	68.82852	69.12564	69.30082	69.40119	69.46268	69.50428	69.52973	69.53460	69.51503	69.47379	69.42139	69.37217	69.33465	69.30717	69.27910	69.23583	69.16630	69.06942	68.95501	68.83972	68.73934	68.66152	68.60297	68.55185	68.49385	68.42117	68.33528	68.24342	68.15324	68.06672	67.97924	67.88257	67.77066	67.64541	67.51701	67.40002	67.30566	67.23543	67.17690	67.11003	67.01827	66.89466	66.74507	66.58384	66.42649	66.28219	66.15103	66.02665	65.90177	65.77436	65.64881	65.53442	65.43531	65.34768	65.26001	65.15784	65.03136	64.88071	64.71690	64.55711	64.41719	64.30409	64.21372	64.13352	64.04828	63.94783	63.83104	63.70260	63.56898	63.43491	63.30195	63.16987	63.03922	62.91258	62.79368	62.68467	62.58339	62.48353	62.37674	62.25922	62.13374	62.00869	61.89333	61.79229	61.70228	61.61305	61.51300	61.39651	61.26768	61.13941	61.02733	60.93973	60.86951	60.79981	60.71127	60.59242	60.44616	60.28848	60.14116	60.02036	59.92928	59.85728	59.78674	59.70329	59.60549	59.50679	59.42495	59.37119	59.34286	59.32318	59.28891	59.22273	59.12203	59.00114	58.88399	58.79222	58.73490	58.70134	58.66511	58.59837	58.48055	58.30421	58.07530	57.81029	57.53188	57.26766	57.04940	56.91129	56.88464	56.99119	57.22532	57.54633	57.90028	58.23153	58.50080	58.69525	58.82716	58.92195	59.00245	59.07693	59.13708	59.16680	59.15512	59.11177	59.06284	59.03577	59.04580	59.08662	59.13142	59.14574	59.10465	59.00642	58.87274	1
"250319"	 8.21	 4.76	52.39292	52.72643	52.95715	53.06915	53.09752	53.11081	53.17514	53.32429	53.54366	53.81918	54.08999	54.34542	54.59964	54.89007	55.25412	55.70507	56.21909	56.73181	57.17340	57.49690	57.69591	57.80349	57.87324	57.95600	58.08504	58.27401	58.52390	58.83091	59.19046	59.59446	60.02450	60.44561	60.81733	61.10991	61.32041	61.48002	61.64341	61.86139	62.14892	62.46522	62.71803	62.79506	62.61392	62.17090	61.56360	60.98150	60.61863	60.59200	60.91214	61.49064	62.18188	62.83720	63.35172	63.68901	63.87725	63.98152	64.06541	64.16224	64.26815	64.35408	64.39687	64.39484	64.36686	64.33949	64.33064	64.33900	64.34612	64.32837	64.27197	64.18152	64.07717	63.98244	63.90945	63.84998	63.77631	63.66117	63.49051	63.27025	63.02186	62.76999	62.52883	62.29515	62.05147	61.77835	61.46755	61.12921	60.78835	60.47538	60.20369	59.96954	59.75870	59.56287	59.39553	59.29979	59.34129	59.58766	60.08155	60.81803	61.73816	62.74294	63.72035	64.57184	65.25256	65.75434	66.09633	66.31067	66.43092	66.48509	66.49402	66.47275	66.43252	66.38181	66.32620	66.26817	66.20754	66.14298	66.07421	66.00218	65.92842	65.85334	65.77508	65.69024	65.59552	65.49001	65.37646	65.26052	65.14843	65.04408	64.94785	64.85477	64.75959	64.65826	64.54947	64.43376	64.31253	64.18670	64.05663	63.92377	63.79157	63.66575	63.55204	63.45314	63.36432	63.27397	63.16943	63.04193	62.89167	62.72812	62.56595	62.41799	62.28893	62.17319	62.05767	61.92910	61.78119	61.61931	61.45952	61.31742	61.20164	61.10941	61.02817	60.94113	60.83489	60.70480	60.55607	60.39984	60.24757	60.10593	59.97593	59.85290	59.73220	59.61131	59.48920	59.36479	59.23556	59.09816	58.95100	58.79701	58.64444	58.50413	58.38396	58.28416	58.19249	58.09087	57.96502	57.81199	57.64313	57.48004	57.34450	57.24741	57.18231	57.12720	57.05385	56.94119	56.78523	56.60372	56.42619	56.27597	56.16111	56.07180	55.98670	55.88493	55.75772	55.61275	55.46991	55.35010	55.26382	55.20505	55.15219	55.08148	54.98136	54.85638	54.72442	54.60663	54.51611	54.45165	54.39894	54.33984	54.26351	54.17342	54.08677	54.02541	53.99745	53.99173	53.97895	53.92260	53.79538	53.59291	53.33811	53.07496	52.85436	52.71827	52.68747	52.75878	52.90388	53.08416	53.27084	53.44775	53.61031	53.75875	53.89089	53.99805	54.06659	54.08349	54.04341	53.95340	53.83256	53.70890	53.60567	53.53601	53.50143	53.49370	53.49952	53.50653	53.50675	53.49707	53.47644	1
"240163"	 8.08	 4.69	52.13476	52.59809	52.96103	53.25085	53.51938	53.81667	54.16637	54.56119	54.97133	55.41218	55.87479	56.40556	57.03989	57.78273	58.59300	59.39035	60.07591	60.58357	60.91453	61.12463	61.29760	61.50486	61.77868	62.11263	62.48401	62.88147	63.32079	63.83728	64.46006	65.18283	65.95037	66.66925	67.26619	67.72476	68.09586	68.46991	68.91799	69.43259	69.90319	70.14637	69.98288	69.33257	68.28467	67.10225	66.14487	65.76175	66.04054	66.86626	67.97653	69.08612	70.00133	70.67815	71.20893	71.74968	72.42366	73.24836	74.12217	74.87834	75.37377	75.54790	75.50261	75.38708	75.33769	75.41673	75.59239	75.76725	75.83850	75.75564	75.54547	75.29290	75.09128	74.99061	74.97097	74.94977	74.83416	74.57887	74.20051	73.76227	73.33476	72.95651	72.61526	72.25952	71.83257	71.30965	70.71545	70.11332	69.57256	69.13602	68.77908	68.44664	68.08534	67.68376	67.29417	67.02724	67.02082	67.39554	68.21336	69.45342	71.01498	72.74544	74.47766	76.05690	77.38913	78.42328	79.14901	79.59264	79.81130	79.88074	79.87697	79.85631	79.84230	79.82591	79.77972	79.67960	79.52206	79.33534	79.16005	79.02534	78.93483	78.86475	78.77746	78.64297	78.45590	78.23911	78.03110	77.86452	77.74826	77.66314	77.57157	77.44288	77.27188	77.07725	76.88825	76.72482	76.58502	76.44671	76.28263	76.08022	75.85234	75.63281	75.45760	75.34400	75.27167	75.19284	75.06242	74.85978	74.60057	74.32716	74.08505	73.89771	73.75497	73.62052	73.45374	73.23439	72.97439	72.71392	72.49282	72.32464	72.19205	72.05798	71.88857	71.67338	71.43180	71.20098	71.01274	70.87237	70.75357	70.61200	70.40810	70.14028	69.84287	69.56438	69.34123	69.17790	69.04482	68.89599	68.69619	68.44187	68.16369	67.90862	67.71204	67.57767	67.46785	67.33150	67.13636	66.88553	66.61525	66.37355	66.19201	66.06730	65.96305	65.83131	65.64073	65.39628	65.13858	64.92264	64.77540	64.68383	64.60121	64.47243	64.26414	63.98324	63.67382	63.39314	63.18184	63.04379	62.94668	62.84075	62.68690	62.48533	62.26555	62.06713	61.91688	61.81504	61.73744	61.65164	61.53571	61.38973	61.23236	61.08667	60.96475	60.85705	60.73605	60.57174	60.34110	60.03282	59.64603	59.18898	58.68253	58.16808	57.71165	57.39561	57.29507	57.45099	57.82673	58.30631	58.75512	59.06338	59.19397	59.19771	59.18600	59.27200	59.51096	59.87058	60.24591	60.51097	60.57310	60.44138	60.20963	59.99230	59.87163	59.86134	59.91114	59.94625	59.91688	59.82840	59.73346	1
"250201"	10.47	 6.07	38.63643	38.86053	39.09084	39.29759	39.46780	39.60842	39.74037	39.88568	40.05480	40.25928	40.48587	40.73128	40.99123	41.26367	41.54523	41.82719	42.09274	42.32144	42.49911	42.62259	42.70220	42.75780	42.81109	42.87891	42.97114	43.09256	43.24613	43.43365	43.65378	43.89839	44.15027	44.38470	44.58246	44.73812	44.86511	44.99187	45.14819	45.34714	45.57198	45.77604	45.89756	45.88523	45.72520	45.45716	45.16895	44.97550	44.95045	45.10887	45.40833	45.77321	46.12787	46.42368	46.65105	46.83331	47.00677	47.19721	47.40433	47.60279	47.75785	47.84203	47.86378	47.85150	47.84122	47.85894	47.90927	47.97549	48.03073	48.05348	48.03897	48.00042	47.96022	47.93654	47.93285	47.93545	47.92155	47.87568	47.79644	47.69614	47.59254	47.49810	47.41279	47.32468	47.21765	47.08208	46.92168	46.75252	46.59482	46.46300	46.35239	46.24751	46.13171	46.00053	45.87001	45.77636	45.76584	45.87893	46.13481	46.52202	46.99988	47.51027	47.99357	48.40190	48.71718	48.93847	49.07721	49.15101	49.17913	49.17935	49.16578	49.14735	49.12725	49.10383	49.07308	49.03208	48.98162	48.92773	48.87798	48.83709	48.80440	48.77354	48.73548	48.68326	48.61575	48.53846	48.46063	48.39026	48.32983	48.27521	48.21808	48.15200	48.07686	47.99815	47.92328	47.85621	47.79444	47.72984	47.65337	47.56123	47.45815	47.35608	47.26817	47.20193	47.15208	47.10256	47.03632	46.94287	46.82384	46.69190	46.56414	46.45357	46.36325	46.28591	46.20878	46.12099	46.01908	45.90872	45.80099	45.70407	45.62009	45.54513	45.47263	45.39731	45.31752	45.23439	45.14922	45.06080	44.96547	44.85979	44.74438	44.62741	44.52046	44.43289	44.36631	44.31261	44.25704	44.18554	44.09243	43.98407	43.87603	43.78473	43.71806	43.67027	43.62167	43.55174	43.45019	43.32209	43.18545	43.06214	42.96693	42.90025	42.84853	42.79177	42.71392	42.61126	42.49423	42.38268	42.29251	42.22851	42.18344	42.14269	42.09184	42.02292	41.93688	41.84102	41.74457	41.65444	41.57381	41.50332	41.44269	41.39044	41.34421	41.29865	41.24612	41.17951	41.09668	41.00371	40.91380	40.84232	40.79938	40.78437	40.78520	40.78185	40.75816	40.70777	40.63363	40.54271	40.43897	40.31991	40.17930	40.01555	39.84038	39.68162	39.57586	39.55554	39.62738	39.76192	39.91359	40.03605	40.10209	40.11408	40.09959	40.09390	40.11986	40.17544	40.23572	40.26748	40.24660	40.17834	40.09205	40.02144	39.98776	39.98872	40.00103	39.99442	39.94919	39.86700	39.76890	1
"250235"	12.79	 7.42	48.46141	48.88811	49.18603	49.36724	49.49046	49.63316	49.85419	50.17233	50.55909	51.00866	51.46316	51.92751	52.41849	52.95790	53.55099	54.17339	54.77058	55.27904	55.66158	55.91885	56.08789	56.22274	56.37021	56.55542	56.78265	57.04694	57.34716	57.69021	58.08534	58.53158	59.00721	59.46841	59.87301	60.20262	60.47540	60.74035	61.05097	61.42981	61.84309	62.20125	62.38871	62.31417	61.96155	61.41668	60.85135	60.47963	60.42843	60.71435	61.25023	61.89402	62.51079	63.02000	63.41273	63.73566	64.05220	64.40105	64.77241	65.11492	65.36699	65.48590	65.49541	65.45040	65.41344	65.42427	65.48300	65.55395	65.58882	65.55444	65.45084	65.31007	65.17719	65.08485	65.03464	64.99387	64.91301	64.75803	64.52338	64.23197	63.92011	63.61708	63.33003	63.04257	62.72683	62.36272	61.95184	61.51921	61.10127	60.72979	60.40510	60.10705	59.80950	59.50441	59.22007	59.02587	59.01827	59.29173	59.90439	60.85123	62.05710	63.39384	64.71212	65.87223	66.79923	67.46827	67.89850	68.13820	68.24780	68.28366	68.28632	68.27552	68.25232	68.20713	68.13003	68.01957	67.88637	67.75161	67.63421	67.54209	67.46913	67.39771	67.30707	67.18382	67.02845	66.85559	66.68711	66.54166	66.42614	66.33302	66.24432	66.14089	66.01402	65.86628	65.70851	65.55215	65.40331	65.26052	65.11725	64.96803	64.81245	64.65604	64.50629	64.36750	64.23581	64.10065	63.95236	63.78690	63.60904	63.42926	63.25773	63.09792	62.94440	62.78623	62.61348	62.42434	62.22708	62.03824	61.87060	61.72698	61.59914	61.47209	61.33238	61.17462	61.00352	60.82981	60.66316	60.50550	60.35001	60.18576	60.00491	59.81141	59.61862	59.44171	59.28887	59.15607	59.02812	58.88642	58.71899	58.52712	58.32463	58.13014	57.95625	57.80281	57.65432	57.49207	57.30630	57.10210	56.89723	56.71292	56.56219	56.44235	56.33601	56.22015	56.07759	55.90580	55.71756	55.53404	55.36939	55.22427	55.08758	54.94483	54.78796	54.62061	54.45630	54.30937	54.18524	54.07509	53.95926	53.81708	53.64024	53.44278	53.25073	53.09018	52.97427	52.89616	52.83203	52.75316	52.63994	52.49228	52.32964	52.18158	52.07430	52.01633	51.98916	51.96040	51.89303	51.75792	51.54345	51.25983	50.93700	50.61890	50.35441	50.18706	50.14428	50.22998	50.41158	50.62791	50.81800	50.93776	50.97571	50.95415	50.91560	50.90032	50.92600	50.97891	51.02211	51.01632	50.94082	50.81438	50.68211	50.58907	50.55862	50.57879	50.60691	50.59166	50.49987	50.33425	50.13183	1
"240290"	 1.80	 1.00	54.11048	54.42967	54.59701	54.67223	54.73721	54.85880	55.05691	55.30148	55.53331	55.72289	55.86036	56.00202	56.22577	56.59511	57.12508	57.77062	58.43866	59.02319	59.46309	59.75629	59.95165	60.11917	60.31846	60.58386	60.92983	61.36662	61.91181	62.58684	63.39956	64.32377	65.29044	66.19830	66.97179	67.59469	68.12174	68.65105	69.26202	69.94760	70.57905	70.92953	70.75639	69.91664	68.47017	66.71757	65.13789	64.27742	64.40080	65.49396	67.28322	69.36288	71.34855	72.99323	74.23273	75.15591	75.92080	76.65734	77.40256	78.09857	78.64675	78.96868	79.10113	79.14322	79.21281	79.38623	79.66116	79.96161	80.18221	80.24613	80.14522	79.94127	79.72993	79.58812	79.53301	79.51179	79.43166	79.22722	78.88989	78.46975	78.04540	77.67968	77.38554	77.12073	76.81384	76.40788	75.89578	75.32841	74.79039	74.36154	74.04768	73.79222	73.50189	73.09865	72.56965	71.99323	71.52846	71.37054	71.68677	72.55557	73.93389	75.66768	77.53771	79.30811	80.81306	81.96597	82.75306	83.21831	83.44163	83.51418	83.51572	83.49871	83.48269	83.45997	83.40979	83.31501	83.17363	83.00604	82.84093	82.69913	82.58448	82.48256	82.36942	82.22565	82.04768	81.85064	81.66034	81.49893	81.37259	81.26799	81.15852	81.02208	80.85493	80.67152	80.49508	80.34245	80.21313	80.08843	79.94199	79.75564	79.53076	79.28903	79.06104	78.87067	78.71795	78.57866	78.42308	78.23149	78.00533	77.76512	77.53738	77.33796	77.16227	76.98805	76.78893	76.55147	76.28482	76.01976	75.78804	75.60236	75.45044	75.30129	75.12222	74.89646	74.63216	74.35745	74.10436	73.89047	73.70955	73.53613	73.33965	73.10718	72.85079	72.59761	72.37357	72.18807	72.02841	71.86741	71.67931	71.45484	71.20629	70.95979	70.73935	70.55349	70.38700	70.21393	70.01651	69.79500	69.56701	69.35547	69.17270	69.01065	68.84391	68.64455	68.39996	68.12352	67.85149	67.62534	67.45992	67.33939	67.22393	67.07040	66.85540	66.58789	66.30462	66.05004	65.85255	65.70946	65.58927	65.44831	65.25495	65.01369	64.75373	64.51159	64.31011	64.14605	63.99279	63.81599	63.59281	63.32438	63.03480	62.75756	62.51881	62.32146	62.13802	61.92571	61.63587	61.22601	60.66949	59.96371	59.13847	58.26349	57.44818	56.82547	56.51785	56.60376	57.05889	57.74654	58.49731	59.15309	59.62228	59.90532	60.07927	60.24891	60.48945	60.80900	61.14973	61.42455	61.56184	61.56060	61.48305	61.40805	61.39010	61.43016	61.47866	61.46996	61.36629	61.18463	60.98859	1
"250102"	11.98	 6.95	48.45258	48.53892	48.61760	48.71097	48.84721	49.05115	49.33562	49.69864	50.12572	50.60448	51.11817	51.66354	52.24222	52.85563	53.49703	54.14644	54.76969	55.32879	55.79987	56.17939	56.48563	56.74956	57.00125	57.26015	57.53337	57.82101	58.12353	58.44606	58.79696	59.18127	59.59374	60.01463	60.41832	60.78736	61.12163	61.43974	61.76816	62.12185	62.48612	62.81072	63.02156	63.04854	62.86030	62.49098	62.04299	61.66812	61.48931	61.56057	61.85865	62.30278	62.79172	63.24056	63.60444	63.88281	64.10481	64.30440	64.49798	64.67609	64.81232	64.87758	64.87201	64.81583	64.74085	64.67385	64.62329	64.57632	64.50811	64.39747	64.24038	64.05330	63.86465	63.69913	63.56306	63.43760	63.28495	63.07137	62.78020	62.41760	62.00701	61.57582	61.14182	60.70623	60.25675	59.77845	59.26606	58.73076	58.19771	57.69893	57.25116	56.85731	56.51213	56.21731	55.99786	55.91083	56.03999	56.47496	57.27993	58.46270	59.95860	61.63902	63.34043	64.89693	66.20461	67.21537	67.93236	68.39609	68.66687	68.80783	68.87154	68.89259	68.88705	68.85737	68.80004	68.71283	68.59867	68.46830	68.33436	68.20614	68.08728	67.97555	67.86520	67.75078	67.63000	67.50476	67.37986	67.26017	67.14820	67.04306	66.94155	66.83911	66.73288	66.62125	66.50306	66.37681	66.24108	66.09604	65.94526	65.79649	65.65980	65.54365	65.45027	65.37283	65.29452	65.19665	65.06639	64.90134	64.71023	64.50866	64.31217	64.13029	63.96442	63.80990	63.66075	63.51407	63.37129	63.23656	63.10984	62.98601	62.85561	62.70929	62.54310	62.36151	62.17605	61.99978	61.84048	61.69633	61.55668	61.40796	61.24072	61.05777	60.87147	60.69635	60.54136	60.40462	60.27396	60.13288	59.96910	59.78077	59.57765	59.37607	59.19107	59.03034	58.88920	58.75511	58.61648	58.46677	58.30594	58.13796	57.96679	57.79324	57.61507	57.42987	57.23822	57.04528	56.85947	56.68809	56.53130	56.38391	56.23778	56.08637	55.92807	55.76605	55.60517	55.44773	55.29116	55.12946	54.95790	54.77841	54.60258	54.44578	54.31950	54.22487	54.15104	54.07958	53.99336	53.88514	53.76092	53.63652	53.52858	53.44586	53.38533	53.33384	53.27783	53.21229	53.14089	53.07029	53.00251	52.93029	52.84022	52.72264	52.58344	52.44957	52.36303	52.36665	52.47755	52.66867	52.88804	53.07609	53.19141	53.22794	53.21448	53.19679	53.21188	53.26854	53.34394	53.39748	53.39169	53.32159	53.21714	53.12294	53.07606	53.08616	53.13009	53.16396	53.14630	53.05948	52.91800	1
"250331"	 5.14	 2.98	40.69333	41.04352	41.25740	41.34916	41.37581	41.41021	41.50666	41.68225	41.90956	42.18291	42.44353	42.69191	42.94051	43.21086	43.51577	43.84755	44.17641	44.46257	44.68069	44.82928	44.93035	45.01706	45.11742	45.24403	45.39415	45.55773	45.72795	45.90630	46.10130	46.32093	46.56415	46.81640	47.05632	47.26852	47.45126	47.61696	47.78295	47.95698	48.12596	48.25560	48.30246	48.23514	48.05498	47.80523	47.56187	47.41416	47.40879	47.54616	47.78546	48.06770	48.34187	48.58190	48.78951	48.98312	49.18008	49.38201	49.57043	49.71628	49.79667	49.80591	49.77176	49.72938	49.70907	49.72322	49.76273	49.80364	49.82135	49.80349	49.75557	49.69643	49.64690	49.61802	49.60498	49.58886	49.54861	49.47381	49.36746	49.24242	49.11250	48.98405	48.85236	48.70522	48.53091	48.32704	48.10352	47.87890	47.67146	47.49083	47.32753	47.16430	46.98544	46.78950	46.59605	46.44546	46.38971	46.47746	46.73816	47.17005	47.73782	48.38084	49.02814	49.61132	50.08937	50.44416	50.67879	50.81278	50.87532	50.89691	50.90169	50.90272	50.90148	50.89176	50.86596	50.82120	50.76204	50.70004	50.64606	50.60454	50.57206	50.53917	50.49566	50.43627	50.36314	50.28448	50.20966	50.14386	50.08536	50.02712	49.96137	49.88671	49.80898	49.73749	49.67922	49.63283	49.58816	49.53071	49.44920	49.34318	49.22449	49.11294	49.02679	48.97393	48.94415	48.91414	48.86115	48.77188	48.64873	48.50720	48.36763	48.24508	48.14314	48.05441	47.96616	47.86881	47.76101	47.65090	47.54971	47.46358	47.39079	47.32294	47.25033	47.16739	47.07560	46.98189	46.89394	46.81462	46.74022	46.66277	46.57490	46.47647	46.37457	46.27866	46.19465	46.12075	46.04774	45.96403	45.86291	45.74754	45.63070	45.52878	45.45297	45.40342	45.36534	45.31866	45.24900	45.15407	45.04424	44.93670	44.84613	44.77691	44.72143	44.66520	44.59506	44.50716	44.40926	44.31673	44.24063	44.18089	44.12569	44.05753	43.96284	43.83997	43.70204	43.57138	43.46993	43.40907	43.38480	43.37924	43.36709	43.33001	43.26350	43.17631	43.08553	43.00826	42.95451	42.92428	42.90799	42.89131	42.86058	42.80788	42.73370	42.64771	42.56456	42.49572	42.44490	42.40477	42.35837	42.28592	42.17444	42.02738	41.86827	41.73587	41.67116	41.70184	41.82216	41.98931	42.14994	42.25922	42.30098	42.29342	42.27836	42.29835	42.37349	42.48884	42.60022	42.65538	42.61729	42.49411	42.33227	42.18970	42.11241	42.11456	42.17395	42.24577	42.28647	42.27539	42.22158	1
